Player,Birthdate
Carlos Boozer,05/31/2006
Carlos Boozer,7/2007
Carlos Boozer,7/2007
Bill Walton,
Bill Walton,
Bill Walton,3/28/1980
Bill Walton,10/31/1981
Chauncey Billups,12/19/1997
Chauncey Billups,2002
Chauncey Billups,6/28/2006
Julius Erving,
Julius Erving,
Julius Erving,
Julius Erving,
Julius Erving,1981
Julius Erving,1981
Tony Parker,4/30/2014
LeBron James,10/6/2004
LeBron James,6/14/2007
LeBron James,10/22/2014
Zach Randolph,11/6/2013
Yao Ming,5/21/2010
Michael Jordan,2/9/2014
Michael Jordan,2/9/2014
Michael Jordan,11/18/1988
Michael Jordan,12/24/1990
Michael Jordan,12/7/1992
Dennis Rodman,2000
Dennis Rodman,2001
Dennis Rodman,9/1988
Antawn Jamison,6/2005
Antawn Jamison,12/28/2006
Antawn Jamison,10/2009
Antawn Jamison,
Kevin Garnett,4/18/2008
Allen Iverson,6/21/1995
Allen Iverson,10/10/1998
Allen Iverson,8/8/2003
Allen Iverson,8/16/2005
Allen Iverson,10/7/2008
Kobe Bryant,1/19/2003
Kobe Bryant,5/1/2006
Rajon Rondo,8/29/2008
Kevin Duckworth,
Kevin Duckworth,
Chris Paul,5/23/2009
Chris Paul,8/16/2012
Kareem Abdul-Jabbar,No Data
Kareem Abdul-Jabbar,No Data
Jayson Williams,
Jayson Williams,
Isiah Thomas,
Isiah Thomas,
Jason Kidd,1/24/2010
Jason Kidd,06/2012
Jason Kidd,10/12/1998
Jason Kidd,9/26/2002
Jason Kidd,9/26/2002
Jason Kidd,11/16/1993
Jason Kidd,11/1994
Doc Rivers,1988
Doc Rivers,1989
Doc Rivers,1993
Doc Rivers,1997
Vince Carter,6/1/2005
Jack Coleman,2000
Ben Wallace,
Ben Wallace,
Ben Wallace,
Karl Malone,1991
Karl Malone,1993
Karl Malone,1995
Karl Malone,1998
Karl Malone,5/3/1984
Karl Malone,6/6/1981
Karl Malone,6/6/1981
Deron Williams,
Deron Williams,2003
Deron Williams,7/2006
Deron Williams,3/9/2011
Brandon Roy,3/27/2007
Brandon Roy,1/5/2009
Baron Davis,8/2014
Paul Pierce,4/4/2008
Paul Pierce,4/2/2013
Steve Nash,10/14/2004
Steve Nash,10/14/2004
Steve Nash,11/12/2010
Tracy McGrady,1/25/2003
Tracy McGrady,12/27/2005
Tracy McGrady,11/13/2007
Tracy McGrady,4/2009
Shaquille O'Neal,2000
Shaquille O'Neal,2002
Shaquille O'Neal,2004
Shaquille O'Neal,05/01/2006
Shaquille O'Neal,7/18/1996
Carmelo Anthony,3/7/2007
Grant Hill,01/23/2002
Grant Hill,08/09/2007
Amar'e Stoudemire,2005
Amar'e Stoudemire,2006
Amar'e Stoudemire,2008
Amar'e Stoudemire,5/21/2013
Bill Bradley,
Charles Barkley,05/1989
Shawn Marion,8/26/2004
Chris Bosh,5/3/2012
Chris Bosh,11/4/2013
Chris Bosh,11/2/2008
Rashard Lewis,8/2007
Blake Griffin,8/1/2013
Ray Allen,9/8/2004
Ray Allen,12/27/2006
Ray Allen,6/26/2009
Ray Allen,1/25/2012
Ray Allen,2/23/1993
Gilbert Arenas,12/24/2005
Gilbert Arenas,3/16/2007
Gilbert Arenas,12/9/2009
Gilbert Arenas,6/1/2011
Gilbert Arenas,2003
Alonzo Mourning,8/1996
Alonzo Mourning,9/22/2000
Alonzo Mourning,9/18/2009
Scottie Pippen,2002
Scottie Pippen,2004
Scottie Pippen,2007
Scottie Pippen,2008
Scottie Pippen,1997
Dirk Nowitzki,7/24/2013
Tim Duncan,6/27/2005
Tim Duncan,8/3/2007
Magic Johnson,6/4/1992
Magic Johnson,01/1995
Magic Johnson,1981
Dwyane Wade,11/10/2013
Dwyane Wade,2/4/2002
Dwyane Wade,5/29/2007
Clyde Drexler,
Clyde Drexler,
Clyde Drexler,
Clyde Drexler,
Manu Ginóbili,5/16/2010
Manu Ginóbili,5/16/2010
Manu Ginóbili,04/21/2014
Larry Bird,08/14/1977
Larry Bird,08/1991
Larry Bird,12/1992
Derrick Rose,10/2012
Kenyon Martin,3/14/2002
Kenyon Martin,6/25/2004
Kenyon Martin,10/19/2006
Kenyon Martin,12/30/1991
Kenyon Martin,9/2013
Spencer Haywood,1987
Spencer Haywood,5/31/1991
Spencer Haywood,1994
Spencer Haywood,1978
Elton Brand,10/16/2008
Glen Rice,
Glen Rice,
Glen Rice,1999
Glen Rice,1/1/1991
Dwight Howard,2013
Dwight Howard,12/2010
Dwight Howard,10/2010
Dwight Howard,11/18/2007
Dwight Howard,
Dwight Howard,
Dwight Howard,
Mark Jackson,1990
Mark Jackson,1992
Steve Francis,
Steve Francis,
